test_file,test_speaker,19,26,27,Luffy,Anuj,result,correct
data/wav/test/Anuj.wav,Anuj,0.5917648888503272,0.9189544568974497,0.9348300534851756,0.5807646410956907,0.30999640750648005,Anuj,1.0
