test_file,test_speaker,19,26,27,Anuj,result,correct
data/wav/test/test.wav,Anuj,0.7144771312847289,1.3196901272311345,1.3997609737748635,3.7969627442180354e-14,Anuj,1.0
data/wav/test/27-123349-0001.wav,27,1.5242645702897826,0.8309434688670039,0.5565153094185281,1.2115751177975325,27,1.0
